Employee ID,Employee Name,Department,Date,Status,In Time,Out Time,Total Hours,Remarks
E001,Rahul Sharma,Engineering,2026-08-03,WFH,,,,WFH - approved by manager
E001,Rahul Sharma,Engineering,2026-08-04,Present,09:20,18:38,9.30,
E001,Rahul Sharma,Engineering,2026-08-05,Present,08:58,18:06,9.13,
E001,Rahul Sharma,Engineering,2026-08-06,Present,08:59,18:24,9.42,
E001,Rahul Sharma,Engineering,2026-08-07,Leave,,,,Casual leave - family function
E001,Rahul Sharma,Engineering,2026-08-10,Present,08:51,17:45,8.90,
E001,Rahul Sharma,Engineering,2026-08-11,Present,08:59,18:08,9.15,
E001,Rahul Sharma,Engineering,2026-08-12,Half Day,09:20,13:47,4.45,Half day - personal work
E001,Rahul Sharma,Engineering,2026-08-13,Present,09:15,18:38,9.38,
E001,Rahul Sharma,Engineering,2026-08-14,Present,09:22,18:17,8.92,
E001,Rahul Sharma,Engineering,2026-08-17,Present,09:05,18:19,9.23,Client visit - Pune
E001,Rahul Sharma,Engineering,2026-08-18,Present,08:58,18:09,9.18,
E001,Rahul Sharma,Engineering,2026-08-19,WFH,,,,
E001,Rahul Sharma,Engineering,2026-08-20,Present,09:19,18:46,9.45,
E001,Rahul Sharma,Engineering,2026-08-21,Present,09:19,18:47,9.47,
E001,Rahul Sharma,Engineering,2026-08-24,Leave,,,,Earned leave - personal travel
E001,Rahul Sharma,Engineering,2026-08-25,Present,09:00,18:25,9.42,
E001,Rahul Sharma,Engineering,2026-08-26,Present,09:09,18:28,9.32,
E001,Rahul Sharma,Engineering,2026-08-27,Present,09:04,18:09,9.08,
E001,Rahul Sharma,Engineering,2026-08-28,Present,09:03,17:54,8.85,
E001,Rahul Sharma,Engineering,2026-08-31,Present,09:15,18:40,9.42,
E002,Aisha Khan,Engineering,2026-08-03,Present,10:04,18:59,8.92,Late - traffic
E002,Aisha Khan,Engineering,2026-08-04,Present,09:05,17:59,8.90,
E002,Aisha Khan,Engineering,2026-08-05,Present,10:05,19:29,9.40,Late - traffic
E002,Aisha Khan,Engineering,2026-08-06,Present,09:29,18:59,9.50,
E002,Aisha Khan,Engineering,2026-08-07,Present,08:58,17:51,8.88,
E002,Aisha Khan,Engineering,2026-08-10,Present,09:14,18:40,9.43,
E002,Aisha Khan,Engineering,2026-08-11,Present,09:13,18:00,8.78,
E002,Aisha Khan,Engineering,2026-08-12,Present,09:43,18:45,9.03,
E002,Aisha Khan,Engineering,2026-08-13,Present,09:10,18:13,9.05,
E002,Aisha Khan,Engineering,2026-08-14,Present,08:53,18:09,9.27,
E002,Aisha Khan,Engineering,2026-08-17,Present,08:58,18:26,9.47,
E002,Aisha Khan,Engineering,2026-08-18,Present,08:59,18:14,9.25,
E002,Aisha Khan,Engineering,2026-08-19,WFH,,,,WFH - approved by manager
E002,Aisha Khan,Engineering,2026-08-20,Present,08:55,18:02,9.12,
E002,Aisha Khan,Engineering,2026-08-21,Present,08:53,18:08,9.25,
E002,Aisha Khan,Engineering,2026-08-24,Present,09:19,18:40,9.35,
E002,Aisha Khan,Engineering,2026-08-25,Present,09:02,18:11,9.15,
E002,Aisha Khan,Engineering,2026-08-26,Absent,,,,Absent - informed supervisor late
E002,Aisha Khan,Engineering,2026-08-27,Present,09:06,18:19,9.22,
E002,Aisha Khan,Engineering,2026-08-28,Present,08:56,17:49,8.88,
E002,Aisha Khan,Engineering,2026-08-31,WFH,,,,WFH - approved by manager
E003,Varun Chopra,Engineering,2026-08-03,Present,09:07,18:20,9.22,
E003,Varun Chopra,Engineering,2026-08-04,Present,09:14,18:39,9.42,
E003,Varun Chopra,Engineering,2026-08-05,Present,09:09,18:13,9.07,
E003,Varun Chopra,Engineering,2026-08-06,Present,08:49,17:38,8.82,
E003,Varun Chopra,Engineering,2026-08-07,Present,08:48,18:06,9.30,
E003,Varun Chopra,Engineering,2026-08-10,Present,09:19,18:16,8.95,
E003,Varun Chopra,Engineering,2026-08-11,Present,08:50,18:11,9.35,
E003,Varun Chopra,Engineering,2026-08-12,Present,09:55,18:49,8.90,Late - traffic
E003,Varun Chopra,Engineering,2026-08-13,Present,08:52,17:43,8.85,
E003,Varun Chopra,Engineering,2026-08-14,Half Day,09:07,13:18,4.18,Half day - personal work
E003,Varun Chopra,Engineering,2026-08-17,Present,09:12,18:18,9.10,
E003,Varun Chopra,Engineering,2026-08-18,Present,09:00,18:17,9.28,
E003,Varun Chopra,Engineering,2026-08-19,Present,09:06,18:32,9.43,
E003,Varun Chopra,Engineering,2026-08-20,Present,09:02,18:30,9.47,
E003,Varun Chopra,Engineering,2026-08-21,Present,08:50,17:58,9.13,
E003,Varun Chopra,Engineering,2026-08-24,Present,09:58,19:08,9.17,
E003,Varun Chopra,Engineering,2026-08-25,Present,09:11,18:01,8.83,
E003,Varun Chopra,Engineering,2026-08-26,WFH,,,,WFH - approved by manager
E003,Varun Chopra,Engineering,2026-08-27,Present,09:16,18:08,8.87,
E003,Varun Chopra,Engineering,2026-08-28,Half Day,08:50,13:14,4.40,
E003,Varun Chopra,Engineering,2026-08-31,Present,08:49,17:35,8.77,
E004,Swati Agarwal,Engineering,2026-08-03,Present,08:43,17:53,9.17,
E004,Swati Agarwal,Engineering,2026-08-04,Present,09:11,18:33,9.37,
E004,Swati Agarwal,Engineering,2026-08-05,Present,09:26,18:49,9.38,
E004,Swati Agarwal,Engineering,2026-08-06,Present,09:17,18:27,9.17,
E004,Swati Agarwal,Engineering,2026-08-07,WFH,,,,WFH - approved by manager
E004,Swati Agarwal,Engineering,2026-08-10,Leave,,,,"Sick leave - viral fever, medical certificate submitted"
E004,Swati Agarwal,Engineering,2026-08-11,Present,09:13,17:58,8.75,
E004,Swati Agarwal,Engineering,2026-08-12,Present,09:16,18:37,9.35,
E004,Swati Agarwal,Engineering,2026-08-13,Present,09:04,18:09,9.08,
E004,Swati Agarwal,Engineering,2026-08-14,Present,08:55,18:09,9.23,
E004,Swati Agarwal,Engineering,2026-08-17,Present,08:54,18:11,9.28,Training session
E004,Swati Agarwal,Engineering,2026-08-18,Present,09:18,18:03,8.75,
E004,Swati Agarwal,Engineering,2026-08-19,Present,08:52,18:13,9.35,
E004,Swati Agarwal,Engineering,2026-08-20,Present,09:03,18:22,9.32,
E004,Swati Agarwal,Engineering,2026-08-21,Present,09:05,18:22,9.28,
E004,Swati Agarwal,Engineering,2026-08-24,Present,08:47,17:34,8.78,
E004,Swati Agarwal,Engineering,2026-08-25,Absent,,,,Absent - informed supervisor late
E004,Swati Agarwal,Engineering,2026-08-26,WFH,,,,
E004,Swati Agarwal,Engineering,2026-08-27,Present,10:05,19:04,8.98,
E004,Swati Agarwal,Engineering,2026-08-28,Present,08:56,18:21,9.42,
E004,Swati Agarwal,Engineering,2026-08-31,Present,09:22,18:29,9.12,
E005,Harish Naidu,Engineering,2026-08-03,Present,09:06,17:54,8.80,
E005,Harish Naidu,Engineering,2026-08-04,Present,09:06,18:14,9.13,
E005,Harish Naidu,Engineering,2026-08-05,Present,09:44,18:55,9.18,Late - traffic
E005,Harish Naidu,Engineering,2026-08-06,Present,09:29,18:50,9.35,
E005,Harish Naidu,Engineering,2026-08-07,Present,09:07,18:36,9.48,
E005,Harish Naidu,Engineering,2026-08-10,Present,08:55,18:19,9.40,
E005,Harish Naidu,Engineering,2026-08-11,Present,09:23,18:47,9.40,
E005,Harish Naidu,Engineering,2026-08-12,Present,09:04,17:52,8.80,
E005,Harish Naidu,Engineering,2026-08-13,Present,08:55,18:20,9.42,
E005,Harish Naidu,Engineering,2026-08-14,Present,09:11,18:01,8.83,
E005,Harish Naidu,Engineering,2026-08-17,Present,09:19,18:34,9.25,
E005,Harish Naidu,Engineering,2026-08-18,Present,09:24,18:42,9.30,
E005,Harish Naidu,Engineering,2026-08-19,Present,09:09,18:32,9.38,
E005,Harish Naidu,Engineering,2026-08-20,WFH,,,,WFH - approved by manager
E005,Harish Naidu,Engineering,2026-08-21,Present,08:56,18:21,9.42,
E005,Harish Naidu,Engineering,2026-08-24,Present,09:14,18:15,9.02,
E005,Harish Naidu,Engineering,2026-08-25,Present,10:07,18:52,8.75,
E005,Harish Naidu,Engineering,2026-08-26,Present,09:17,18:17,9.00,
E005,Harish Naidu,Engineering,2026-08-27,Present,09:05,18:19,9.23,
E005,Harish Naidu,Engineering,2026-08-28,Present,09:16,18:04,8.80,
E005,Harish Naidu,Engineering,2026-08-31,Present,09:05,18:34,9.48,
